{
    "openapi": "3.0.0",
    "info": {
        "title": "Tomato Scan API Documentation",
        "version": "1.0"
    },
    "servers": [
        {
            "url": "tomascan.nurulmustofa.my.id",
            "description": "Production Server"
        }
    ],
    "paths": {
        "/api/register": {
            "post": {
                "tags": [
                    "Authentication"
                ],
                "summary": "Register a new user",
                "operationId": "8a56853624e025573120a09a4c75d468",
                "requestBody": {
                    "required": true,
                    "content": {
                        "application/json": {
                            "schema": {
                                "required": [
                                    "username",
                                    "email",
                                    "password"
                                ],
                                "properties": {
                                    "username": {
                                        "type": "string",
                                        "example": "JohnDoe"
                                    },
                                    "email": {
                                        "type": "string",
                                        "example": "johndoe@example.com"
                                    },
                                    "password": {
                                        "type": "string",
                                        "example": "password123"
                                    }
                                },
                                "type": "object"
                            }
                        }
                    }
                },
                "responses": {
                    "201": {
                        "description": "User registered successfully"
                    },
                    "422": {
                        "description": "Validation error"
                    }
                }
            }
        },
        "/api/login": {
            "post": {
                "tags": [
                    "Authentication"
                ],
                "summary": "Login user",
                "operationId": "a3b306d14572d1f4bd6c064b3233e7b8",
                "requestBody": {
                    "required": true,
                    "content": {
                        "application/json": {
                            "schema": {
                                "required": [
                                    "email",
                                    "password"
                                ],
                                "properties": {
                                    "email": {
                                        "type": "string",
                                        "example": "johndoe@example.com"
                                    },
                                    "password": {
                                        "type": "string",
                                        "example": "password123"
                                    }
                                },
                                "type": "object"
                            }
                        }
                    }
                },
                "responses": {
                    "200": {
                        "description": "User logged in successfully"
                    },
                    "401": {
                        "description": "Unauthorized"
                    },
                    "422": {
                        "description": "Validation error"
                    }
                }
            }
        },
        "/api/forgot-password": {
            "post": {
                "tags": [
                    "Authentication"
                ],
                "summary": "Send reset password OTP to email",
                "operationId": "7af8817e88ba5874543ff38f188248f1",
                "requestBody": {
                    "required": true,
                    "content": {
                        "application/json": {
                            "schema": {
                                "required": [
                                    "email"
                                ],
                                "properties": {
                                    "email": {
                                        "type": "string",
                                        "example": "johndoe@example.com"
                                    }
                                },
                                "type": "object"
                            }
                        }
                    }
                },
                "responses": {
                    "200": {
                        "description": "OTP sent to your email."
                    },
                    "404": {
                        "description": "Email not found."
                    },
                    "422": {
                        "description": "Validation error"
                    }
                }
            }
        },
        "/api/reset-password": {
            "post": {
                "tags": [
                    "Authentication"
                ],
                "summary": "Reset user password using OTP",
                "operationId": "00c0aad74830221c6da409a1355ec736",
                "requestBody": {
                    "required": true,
                    "content": {
                        "application/json": {
                            "schema": {
                                "required": [
                                    "email",
                                    "otp",
                                    "password",
                                    "password_confirmation"
                                ],
                                "properties": {
                                    "email": {
                                        "type": "string",
                                        "example": "johndoe@example.com"
                                    },
                                    "otp": {
                                        "type": "string",
                                        "example": "902520"
                                    },
                                    "password": {
                                        "type": "string",
                                        "example": "newpassword123"
                                    },
                                    "password_confirmation": {
                                        "type": "string",
                                        "example": "newpassword123"
                                    }
                                },
                                "type": "object"
                            }
                        }
                    }
                },
                "responses": {
                    "200": {
                        "description": "Password successfully reset."
                    },
                    "400": {
                        "description": "Invalid or expired OTP."
                    },
                    "404": {
                        "description": "User not found."
                    },
                    "422": {
                        "description": "Validation error"
                    }
                }
            }
        },
        "/api/verify-otp": {
            "post": {
                "tags": [
                    "Authentication"
                ],
                "summary": "Verify OTP for password reset",
                "operationId": "7809ddcd47cab2525ccd43d1c2031bfd",
                "requestBody": {
                    "required": true,
                    "content": {
                        "application/json": {
                            "schema": {
                                "required": [
                                    "email",
                                    "otp"
                                ],
                                "properties": {
                                    "email": {
                                        "type": "string",
                                        "example": "johndoe@example.com"
                                    },
                                    "otp": {
                                        "type": "string",
                                        "example": "902520"
                                    }
                                },
                                "type": "object"
                            }
                        }
                    }
                },
                "responses": {
                    "200": {
                        "description": "OTP verified successfully."
                    },
                    "400": {
                        "description": "Invalid or expired OTP."
                    },
                    "404": {
                        "description": "Email not found."
                    },
                    "422": {
                        "description": "Validation error"
                    }
                }
            }
        },
        "/api/logout": {
            "post": {
                "tags": [
                    "Authentication"
                ],
                "summary": "Logout user",
                "operationId": "fe8f3429cd6979b3b4517e186505f9f9",
                "responses": {
                    "200": {
                        "description": "Successfully logged out"
                    }
                }
            }
        }
    },
    "components": {
        "securitySchemes": {
            "Bearer": {
                "type": "http",
                "description": "Enter your bearer token below. Example: `Bearer your.jwt.token`",
                "scheme": "bearer"
            }
        }
    },
    "tags": [
        {
            "name": "Authentication",
            "description": "Authentication"
        }
    ]
}